epoch,loss,val_loss
0,7.926960405541268e-05,0.008744273139012831
0,3.010405388819071e-05,0.006593300522054441
