epoch,training_loss,val_loss
0,0.30185413360595703,0.05311693251132965
1,0.3010750114917755,0.0530686154961586
