epoch,training_loss,val_loss
0,0.2814525067806244,0.05109425261616707
1,0.278617262840271,0.05307409167289734
