epoch,training_loss,val_loss
0,0.3076247274875641,0.05861903727054596
1,0.306280255317688,0.05801437422633171
