epoch,training_loss,val_loss
0,-0.532724142074585,-0.5659276247024536
