epoch,training_loss,val_loss
0,0.03168977194891728,0.021925052162259817
1,0.030931323922754442,0.021823955078919727
2,0.030190220142298555,0.021726252743974328
3,0.02946632105158642,0.02163193196368714
4,0.028759437381597037,0.02154093437517683
