epoch,training_loss,val_loss
0,0.16511400043964386,0.24157577753067017
