epoch,training_loss,val_loss
0,-0.5717492699623108,-0.5832482576370239
