epoch,training_loss,val_loss
0,0.0927930623292923,0.008935311809182167
