epoch,training_loss,val_loss
0,1.7115497589111328,0.9698946475982666
1,1.3428391218185425,0.8883728384971619
2,1.2381677627563477,0.8795778751373291
