epoch,training_loss,val_loss
0,-0.916628360748291,-0.9354332685470581
