epoch,training_loss,val_loss
0,0.2635539472103119,0.2640947103500366
